{"cameraMode":{"drawMode":0,"name":"Shaded","section":"Shading Mode"},"sceneLighting":true,"audioPlay":false,"sceneViewState":{"m_AlwaysRefresh":false,"showFog":true,"showSkybox":true,"showFlares":true,"showImageEffects":true,"showParticleSystems":true,"showVisualEffectGraphs":true,"m_FxEnabled":true},"in2DMode":false,"pivot":{"x":363.60491943359377,"y":-205.28675842285157,"z":-359.8397521972656},"rotation":{"x":0.07413890212774277,"y":0.9051580429077148,"z":-0.17685610055923463,"w":0.37923046946525576},"size":279.7747497558594,"orthographic":false}